"","site_quota","radius","n.samples","n.timeBins","n.subregions","avg.obs.per.timeBin","avg.obs.per.subregion","intercept","intercept.std.error","intercept.df","intercept.t.value","intercept.p.value","slope","slope.std.error","slope.df","slope.t.value","slope.p.value"
"1",2,200000,5100,28,51,182.142857142857,100,16.5625079966341,12.9793654434728,19.221750068349,1.27606454019393,0.217137067289106,-0.131847755777793,0.0113332483874753,4991.48458857801,-11.6337127070736,6.93148927845871e-31
"5",2,500000,5600,29,56,193.103448275862,100,15.4706020255347,1.8810446729334,86.4980574286916,8.22447347909557,1.79221341525184e-12,-0.286683295737312,0.0100489388619262,5582.59230679591,-28.5287132976306,3.13160673998417e-167
"9",2,1000000,5500,32,55,171.875,100,16.3436325554913,1.74863932308809,98.4444534517299,9.34648577308012,3.05532530118673e-15,-0.305745650233128,0.00942031671251924,5482.2308569615,-32.4559841843537,1.58547824642447e-211
