"","site_quota","radius","n.samples","n.timeBins","n.subregions","avg.obs.per.timeBin","avg.obs.per.subregion","intercept","intercept.std.error","intercept.df","intercept.t.value","intercept.p.value","slope","slope.std.error","slope.df","slope.t.value","slope.p.value"
"1",2,200000,1600,10,16,160,100,14.9523681044954,3.15605087068195,7.88277895371833,4.73768285657086,0.0015289198751561,-0.263644530604918,0.0321728205059871,1596.05297564339,-8.19463529956461,5.10023925201377e-16
"2",3,200000,200,2,2,100,100,43.6031695681093,15.516004857927,1.1262171063316,2.81020597553067,0.194527553792124,1.88993004278907,0.307150202965567,197.809304287604,6.15311344267919,4.14147242679011e-09
"5",2,500000,1800,11,18,163.636363636364,100,10.9750293685693,1.59255952156818,9.30888942307264,6.89144061489287,6.04750620293082e-05,-0.449999861449764,0.0256109602865254,1793.10919800669,-17.5705969793925,6.84214564169427e-64
"6",3,500000,1000,8,10,125,100,14.621699076346,3.0075582915312,7.17636102881919,4.86165110000305,0.001707260237477,-0.295075179831984,0.0336953815905311,995.72051962249,-8.75714017480974,8.46739991965485e-18
"7",4,500000,300,3,3,100,100,27.3326214360584,12.1204027144757,2.00794148375511,2.25509185461423,0.15230906142913,-0.381917377899734,0.07241803274876,296.085989600254,-5.27378835634379,2.58341967050342e-07
"8",5,500000,200,2,2,100,100,91.1567405034348,10.5390630705185,1.11278335251562,8.6494159768749,0.0588919973185981,-0.0952508375574984,0.10210819373875,197.971972991977,-0.932842253592339,0.352037709260721
"9",2,1000000,1700,11,17,154.545454545455,100,10.8414535020717,1.80335724456149,9.4563780723311,6.01181686810367,0.000163375277838955,-0.452284522561537,0.0245740219804019,1693.03532779292,-18.4049856764285,4.19047790701217e-69
"10",3,1000000,1000,8,10,125,100,13.2055114128841,3.15575849746199,7.2160904284106,4.18457604518997,0.00384572798470993,-0.30501812457625,0.0333666529628671,994.867078721926,-9.14140608935805,3.38266120095843e-19
"11",4,1000000,400,3,4,133.333333333333,100,26.7059084520224,11.0520997720024,1.99699093328984,2.41636512544655,0.137135779809802,-0.535236221318478,0.0743516412992929,395.380255768244,-7.19871427133604,3.08340779059035e-12
"12",5,1000000,200,2,2,100,100,80.0143541940771,3.65395424449795,2.79369805991114,21.8980175557921,0.000328465438820127,-0.518333942791349,0.114494033740442,195.877351354753,-4.52716989573808,1.03640403402863e-05
