"","site_quota","radius","n.samples","n.timeBins","n.subregions","avg.obs.per.timeBin","avg.obs.per.subregion","intercept","intercept.std.error","intercept.df","intercept.t.value","intercept.p.value","slope","slope.std.error","slope.df","slope.t.value","slope.p.value"
"1",2,200000,1500,7,15,214.285714285714,100,15.0442398122485,4.51131826167284,14.0875694126818,3.33477687443624,0.00487379404049576,-0.271793701312681,0.0458322637700165,1484.39479218811,-5.93018277858859,3.75789628323379e-09
"5",2,500000,1500,9,15,166.666666666667,100,30.2477199238928,3.56776437372467,29.3309140279622,8.47805985918146,2.21297274014461e-09,-0.362554109073307,0.0366260756472841,1492.91483411028,-9.89879758248659,2.02991256772651e-22
"9",2,1000000,1500,10,15,150,100,10.6076191993186,2.40234122526168,21.8662241402254,4.41553393322099,0.000221370138602738,-0.408171730669122,0.0343481709272736,1488.45539640554,-11.8833614614693,3.53175550087968e-31
