"","site_quota","radius","n.samples","n.timeBins","n.subregions","avg.obs.per.timeBin","avg.obs.per.subregion"
"1",2,200000,1500,7,15,214.285714285714,100
"2",3,200000,600,5,6,120,100
"3",4,200000,100,1,1,100,100
"5",2,500000,1500,9,15,166.666666666667,100
"6",3,500000,900,5,9,180,100
"7",4,500000,400,3,4,133.333333333333,100
"8",5,500000,300,3,3,100,100
"9",2,1000000,1500,10,15,150,100
"10",3,1000000,900,5,9,180,100
"11",4,1000000,500,3,5,166.666666666667,100
"12",5,1000000,300,3,3,100,100
