"","site_quota","radius","n.samples","n.timeBins","n.subregions","avg.obs.per.timeBin","avg.obs.per.subregion","intercept","intercept.std.error","intercept.df","intercept.t.value","intercept.p.value","slope","slope.std.error","slope.df","slope.t.value","slope.p.value"
"1",2,200000,800,7,8,114.285714285714,100,-12.0055041277593,2.57127102183484,14.2166678789221,-4.66909323280604,0.000347602524743792,-0.00210941952475957,0.0112691851127592,788.794555960724,-0.187184743497668,0.85156392166711
"5",2,500000,800,7,8,114.285714285714,100,1.79695889889647,0.740130088665004,11.0777697091978,2.42789602316763,0.0333921459190492,-0.0336745104388266,0.011595445121227,793.982768942692,-2.90411537347376,0.00378511228846147
"9",2,1000000,900,7,9,128.571428571429,100,-4.53424771055558,1.29218502640657,17.0948953004246,-3.50897713399825,0.00267234847487854,-0.00876540045263067,0.0109997447109197,886.810850495908,-0.796873080511503,0.425738033745995
