"","site_quota","radius","n.samples","n.timeBins","n.subregions","avg.obs.per.timeBin","avg.obs.per.subregion","intercept","intercept.std.error","intercept.df","intercept.t.value","intercept.p.value","slope","slope.std.error","slope.df","slope.t.value","slope.p.value"
"1",2,200000,700,7,7,100,100,28.5638716693298,14.1620895761154,8.3871695301431,2.01692494005286,0.0767934023166295,-0.0534305094285129,0.304884757256776,531.306880360295,-0.175248214798463,0.860951366019767
"2",3,200000,300,3,3,100,100,14.7020512517984,6.90563673136959,2.10799822323985,2.12899285376724,0.160466906573399,0.0279067110888676,0.0637823990641082,296.738385081547,0.437529969056484,0.662045319313616
"5",2,500000,1500,12,15,125,100,22.1484678758616,6.19492358661099,15.2538355616409,3.57526086741905,0.00269878577421557,-0.032307299529705,0.0638333530303128,1467.94119676286,-0.506119418705189,0.612848816573847
"6",3,500000,500,5,5,100,100,19.882087274642,6.7393995729097,4.88881006123326,2.95012739036305,0.0327672057310406,0.141024083983201,0.0917864374280374,496.310118623005,1.53643705905643,0.125068460954553
"7",4,500000,300,3,3,100,100,15.4746511509873,5.85036917223127,2.17999843207304,2.64507259207464,0.108057723943697,0.0988782319922368,0.0586418134062492,297.975272637975,1.68613871653737,0.0928157985012167
"9",2,1000000,1600,13,16,123.076923076923,100,27.9202734583587,10.7826752093142,12.4700190925655,2.58936422700008,0.0230797715512301,0.0530919840210258,0.0684469298295126,304.212981718125,0.77566640539272,0.43854854741091
"10",3,1000000,500,5,5,100,100,21.3392581826755,6.3919627338794,4.73596112099495,3.3384515947771,0.0223521426381323,0.0665201527252573,0.0856222856965316,497.902483325382,0.776902323783116,0.437585333174585
"11",4,1000000,400,4,4,100,100,29.3882413636049,8.04653273041297,3.68121056905807,3.65228631364762,0.0250731345488747,-0.229043066346301,0.110618889598693,396.672694381714,-2.0705601654223,0.0390463418894664
