"","site_quota","radius","n.samples","n.timeBins","n.subregions","avg.obs.per.timeBin","avg.obs.per.subregion","intercept","intercept.std.error","intercept.df","intercept.t.value","intercept.p.value","slope","slope.std.error","slope.df","slope.t.value","slope.p.value"
"1",2,200000,700,7,7,100,100,93.1619033480384,48.3669179687658,2.77201569424322,1.92614926194388,0.157244328233958,-0.0276270527229413,0.310117849223552,536.842012076944,-0.0890856582170669,0.929047058949221
"5",2,500000,1500,12,15,125,100,48.7801446291746,17.584846859405,39.511229739424,2.77398745745035,0.00841201920216841,-0.0466085600376825,0.0648637606562778,1479.35636304044,-0.718560866130902,0.472525004677014
"9",2,1000000,1600,13,16,123.076923076923,100,28.5948686004339,17.6237766842389,69.5268009124177,1.62251650782698,0.10921897852022,0.0207084806979654,0.071708711400487,1592.9842797145,0.288786122264982,0.772782626636826
