"","disp_ratio","disp_p","zInf_ratio","zInf_p","outl_exp","outl_obs","outl_p","KS_stat","KS_p","VIF_bivalve","VIF_PTME","VIF_AbsLat","VIF_bivalve:PTME","VIF_bivalve:AbsLat"
"values",0.625814671073321,0,1.23994712521105,0,0.00517282479141835,0.000397298371076679,0.04,0.0243374005515198,0.101401535503502,2.18327497499871,5.83711368208237,4.19911949472155,6.51397472819,4.24378868426241
