"","disp_ratio","disp_p","zInf_ratio","zInf_p","outl_exp","outl_obs","outl_p","KS_stat","KS_p","VIF_bivalve","VIF_PTME","VIF_AbsLat","VIF_bivalve:PTME","VIF_bivalve:AbsLat"
"values",0.707634645201185,0.016,1.00168757216592,0.976,0.00655939610647596,0.000794596742153357,0,0.0225817263026932,0.153460071771814,3.88738810046922,1.27297758877341,1.01400804774736,4.03740570094166,1.02790981412671
