"","disp_ratio","disp_p","zInf_ratio","zInf_p","outl_exp","outl_obs","outl_p","KS_stat","KS_p","VIF_bivalve","VIF_PTME","VIF_AbsLat","VIF_bivalve:PTME","VIF_bivalve:AbsLat"
"values",0.738620110332307,0.016,0.963833801882535,0.68,0.00603098927294398,0.000397298371076679,0,0.0251075078177424,0.083718601626184,4.63116882034079,1.27482846793047,1.01634263609363,4.73380909402177,1.03772445962422
