"","site_quota","radius","n.samples","n.timeBins","n.subregions","avg.obs.per.timeBin","avg.obs.per.subregion","intercept","intercept.std.Error","intercept.df","intercept.t.value","intercept.p.value","slope","slope.std.Error","slope.df","slope.t.value","slope.p.value"
"1",2,200000,4400,25,44,176,100,30.5312440476631,3.78079877161191,30.1706540220901,8.07534224696291,4.94546268342954e-09,-0.639734853714356,0.155090024394693,39.1010025100057,-4.12492586941811,0.000187527733151565
"2",3,200000,1800,12,18,150,100,33.8367245179064,5.37571726839981,13.2124187126832,6.2943646082002,2.57207500059544e-05,-0.568384990740107,0.223159723230627,15.3542962385592,-2.54698734391557,0.0220356318944023
"5",2,500000,5000,28,50,178.571428571429,100,31.4213791577259,3.42175309207911,33.1854586408654,9.18283064621525,1.24169068255941e-10,-0.665738553251303,0.1356855900684,42.5228625100906,-4.90647940518738,1.40559683004395e-05
"6",3,500000,2200,17,22,129.411764705882,100,30.5056338545039,4.07039565356211,17.8484717231019,7.49451317534884,6.46441729570183e-07,-0.401697689102146,0.146126690278658,19.3223238684491,-2.7489686404046,0.0126331307127262
"7",4,500000,1500,11,15,136.363636363636,100,35.2102709894305,5.53957540201674,10.7077157601659,6.35613173107307,6.09770871523745e-05,-0.576465675866634,0.220288924105594,12.4151291911682,-2.61686182456595,0.021989721705519
"8",5,500000,800,7,8,114.285714285714,100,46.7660584853786,8.96207647217978,5.99999999979319,5.21821685304187,0.00197960323883937,-0.808841267943882,0.289754833146912,5.99999999982059,-2.79146773553138,0.0315164567807902
"9",2,1000000,5000,30,50,166.666666666667,100,31.9560475280758,3.45183897176099,33.4418870411723,9.25768779757797,9.48319670903726e-11,-0.724622206250401,0.136414203878136,44.6406969631072,-5.31192636580378,3.29959065708259e-06
"10",3,1000000,2500,20,25,125,100,34.6471462021867,4.2894202231483,20.365827764982,8.07734947842363,8.81066023654051e-08,-0.572847736013241,0.152005095152095,22.0823867902441,-3.76860877880478,0.00105337325588302
"11",4,1000000,1800,13,18,138.461538461538,100,38.4436442747302,5.67978361995287,13.4445668167054,6.76850507820037,1.11450411420832e-05,-0.709787814998657,0.239849169149474,15.0260500452595,-2.95930904207684,0.00973271380015465
"12",5,1000000,1200,7,12,171.428571428571,100,45.8769706415993,9.38716176168361,5.7772276997437,4.8872035878682,0.00305021330323888,-0.878554385913855,0.317499195999674,7.95276139532244,-2.76710743517838,0.0245442144147886
