"","site_quota","radius","n.samples","n.timeBins","n.subregions","avg.obs.per.timeBin","avg.obs.per.subregion","intercept","intercept.std.error","intercept.df","intercept.t.value","intercept.p.value","slope","slope.std.error","slope.df","slope.t.value","slope.p.value"
"1",2,200000,4400,25,44,176,100,15.2037041963059,1.9992013565321,37.4460787590238,7.60488889557324,4.16736456482124e-09,-0.45004574167809,0.142921321374209,41.9541906798995,-3.14890554712786,0.00301665796228796
"2",3,200000,1800,12,18,150,100,28.846157128406,5.90914955380247,14.4667857900397,4.88160891271466,0.000220889426557578,-0.301391512498441,0.23035548601071,15.8285111286532,-1.30837566631441,0.209427008121006
"5",2,500000,5000,28,50,178.571428571429,100,15.7744896695946,1.90583035997815,41.4746036420203,8.27696420460813,2.53652135102121e-10,-0.528096517300326,0.142671133280661,46.9277509268601,-3.70149521600462,0.000562423832925068
"6",3,500000,2200,17,22,129.411764705882,100,20.642577462636,3.81329116294427,18.7309013384047,5.4133231847677,3.34315732519709e-05,-0.136737720081256,0.153782339982793,19.8540035130374,-0.889163996961912,0.384561955734055
"7",4,500000,1500,11,15,136.363636363636,100,28.741323636904,7.02228114928875,12.5786107914607,4.09287566616655,0.00135634826059802,-0.190075414135125,0.234059010047996,12.9346123540746,-0.812083303676916,0.431436109337889
"8",5,500000,800,7,8,114.285714285714,100,43.1017213747548,16.4015562510174,5.89573887845649,2.62790437170138,0.0398191810289124,-0.347253411869003,0.410437113208241,5.99840603265729,-0.846057534014521,0.429973096524406
"9",2,1000000,5000,30,50,166.666666666667,100,14.896769349894,1.93598347478837,42.9587805861835,7.69467794735306,1.29658124431094e-09,-0.510359705043751,0.147334402498188,47.089255646102,-3.46395476134659,0.00114446936628163
"10",3,1000000,2500,20,25,125,100,24.3283193026707,3.87572539250068,22.7279854925935,6.27710088793821,2.21321125890198e-06,-0.367681476838258,0.163871015244495,22.8314278939625,-2.24372489722894,0.0348498499999979
"11",4,1000000,1800,13,18,138.461538461538,100,33.6483279265435,6.98879741869872,15.6540748888956,4.81460913955188,0.000202242890704569,-0.392245565382302,0.253196771159145,15.859732656384,-1.54917285708892,0.141062462625091
"12",5,1000000,1200,7,12,171.428571428571,100,43.2698520260906,14.0637001446584,8.94122888630107,3.0767046780733,0.0133115625344666,-0.454280067141476,0.372461845965513,9.90430916584045,-1.21966873134044,0.250838035864329
