"","site_quota","radius","n.samples","n.timeBins","n.subregions","avg.obs.per.timeBin","avg.obs.per.subregion","intercept","intercept.std.error","intercept.df","intercept.t.value","intercept.p.value","slope","slope.std.error","slope.df","slope.t.value","slope.p.value"
"1",2,200000,4400,25,44,176,100,22.4632900248445,1.84040791915818,28.1508767149491,12.2056038723847,9.22267705577472e-13,-0.816866872559723,0.120156091841059,38.5874788477337,-6.79838083981844,4.27711969427265e-08
"2",3,200000,1800,12,18,150,100,37.9683516216144,6.78322465907552,13.4052220120122,5.59738966787945,7.7288308724725e-05,-0.530849430144188,0.236576116769054,15.2450642069154,-2.24388428297014,0.0400966547207571
"5",2,500000,5000,28,50,178.571428571429,100,22.1714334034763,1.51342754082314,31.9672295544743,14.6498149435138,9.83621427663276e-16,-0.840943642199893,0.0971258113743155,41.5244547725919,-8.65829206778989,7.57391079409312e-11
"6",3,500000,2200,17,22,129.411764705882,100,29.6607135561837,3.82436830505085,17.3214957215381,7.75571576540123,4.90572804098002e-07,-0.42988081498354,0.147324022466565,19.2590095026663,-2.91792748925995,0.00873799862629037
"7",4,500000,1500,11,15,136.363636363636,100,39.9631370868866,8.06173033828285,10.7592616312948,4.95714138404172,0.000460131086207984,-0.493514911094413,0.27086886224407,12.4794811925711,-1.82196988980492,0.0925015535206109
"8",5,500000,800,7,8,114.285714285714,100,57.7813342985994,13.4002401769841,5.31120671242055,4.31196258689773,0.00665056157139426,-0.674817546833546,0.317394785595436,5.87903704157511,-2.12611415643638,0.0785704264287214
"9",2,1000000,5000,30,50,166.666666666667,100,22.0307668351366,1.52839215739165,27.4315788246294,14.4143417175957,2.53714650331809e-14,-0.882315945382342,0.0992035445368855,40.8133516117704,-8.89399617222631,4.23876109042715e-11
"10",3,1000000,2500,20,25,125,100,32.9612833259465,3.93077708430977,20.4573579734914,8.38543692989256,4.70051569639288e-08,-0.59098277094995,0.15058376183356,22.0155557931788,-3.92461155010301,0.000723950965322821
"11",4,1000000,1800,13,18,138.461538461538,100,42.3087987101531,7.14890702394401,13.6050894683854,5.9182191862962,4.2158824885127e-05,-0.655169273260104,0.254261350761118,15.0503092410651,-2.57675526106853,0.0210082701323994
"12",5,1000000,1200,7,12,171.428571428571,100,53.8039622262137,13.5166385039621,6.25083464515615,3.98057270011638,0.00669709478155797,-0.743568296351716,0.332136027380076,8.35617274357045,-2.23874628180827,0.0541548510352274
